Center Name,Latitude,Longitude,Waiting List,Death Rate (center),Death Rate (nation),Transplant Rate (center),Transplant Rate (nation),All Time,< 30 Days,30 to < 90 Days,90 Days to < 6 Months,6 Months to < 1 Year,1 Year to < 2 Years,2 Years to < 3 Years,3 Years to < 5 Years,5 or More Years,Center Code,City,State,County
Children's of Alabama (ALCH),34.09755005,-118.2900766,217,0,0.054763277,0.625869368,0.186361012,22,0,2,3,1,7,4,4,1,ALCHTX1,Los Angeles,CA,Los Angeles County
University of Alabama Hospital (ALUA),33.21208215,-87.53967402,20,0.095775675,0.054763277,0.094183871,0.186361012,1995,45,67,88,120,199,108,301,1067,ALUATX1,Tuscaloosa,AL,Tuscaloosa County
Birmingham VA Medical Center (ALVA),33.52068,-86.81176,102,0.03126159,0.054763277,0.119456436,0.186361012,71,0,12,9,13,15,13,8,1,ALVATX1,Birmingham,AL,Jefferson County
Arkansas Children's Hospital (ARCH),34.74084135,-92.29159233,203,0,0.054763277,1.99136756,0.186361012,2,0,0,1,0,0,0,0,1,ARCHTX1,Little Rock,AR,Pulaski County
UAMS Medical Center (ARUA),34.7443364,-92.38446965,51,0.048930042,0.054763277,0.371479226,0.186361012,206,15,18,27,42,42,23,17,22,ARUATX1,Little Rock,AR,Pulaski County
Phoenix Children's Hospital (AZCH),33.4792831,-112.0408755,6,0,0.054763277,1.42103867,0.186361012,16,6,0,2,6,1,1,0,0,AZCHTX1,Phoenix,AZ,Maricopa County
Banner-University Medical Center Phoenix (AZGS),32.1762,-110.93073,867,0.058005635,0.054763277,0.199445503,0.186361012,727,21,25,47,52,121,160,181,120,AZGSTX1,Tucson,AZ,Pima County
Mayo Clinic Hospital (AZMC),33.65725275,-111.9558917,195,0.055006238,0.054763277,0.334259743,0.186361012,920,31,75,93,142,209,146,125,99,AZMCTX1,Phoenix,AZ,Maricopa County
St. Joseph's Hospital and Medical Center (AZSJ),33.4817027,-112.0771416,49,0.048525309,0.054763277,0.339677162,0.186361012,102,7,15,10,27,31,8,4,0,AZSJTX1,Phoenix,AZ,Maricopa County
Banner University Medical Center-Tucson (AZUA),32.241,-110.9458,947,0.023739885,0.054763277,0.732590409,0.186361012,118,13,12,8,15,23,19,12,16,AZUATX1,Tucson,AZ,Pima County
Rady Children's Hospital and Health Center (CACH),32.7978,-117.1508001,1521,0.013345391,0.054763277,0.29231077,0.186361012,26,2,1,3,2,6,6,4,2,CACHTX1,San Diego,CA,San Diego County
Childrens Hospital Los Angeles (CACL),41.26078945,-96.04190667,439,0.012718061,0.054763277,0.43783828,0.186361012,36,0,4,2,9,9,4,7,1,CACLTX1,Omaha,NE,Douglas County
Cedars-Sinai Medical Center (CACS),34.0751604,-118.3810936,39,0.052890051,0.054763277,0.16413728,0.186361012,1284,34,48,71,145,223,204,297,262,CACSTX1,Los Angeles,CA,Los Angeles County
Scripps Green Hospital (CAGH),32.89631765,-117.2426391,16,0.048306021,0.054763277,0.086849631,0.186361012,544,6,18,31,47,91,95,161,95,CAGHTX1,La Jolla,CA,San Diego County
University of California Irvine Medical Center (CAIM),33.78722845,-117.8884071,25,0.048104435,0.054763277,0.077341564,0.186361012,667,15,27,41,48,135,76,165,160,CAIMTX1,Orange,CA,Orange County
Harbor UCLA Medical Center (CALA),33.82944295,-118.2947553,1,0.025610641,0.054763277,0.059647585,0.186361012,462,8,17,30,56,68,52,85,146,CALATX1,Torrance,CA,Los Angeles County
Loma Linda University Medical Center (CALL),34.04911185,-117.2634355,0,0.044055479,0.054763277,0.141813316,0.186361012,1168,26,42,88,131,238,185,233,225,CALLTX1,Loma Linda,CA,San Bernardino County
UCSF Medical Center at Mission Bay (CAMB),37.76593885,-122.3907663,1033,0,0.054763277,0.226277749,0.186361012,50,1,1,1,6,12,11,18,0,CAMBTX1,San Francisco,CA,San Francisco County
Lucile Salter Packard Children's Hospital at Stanford (CAPC),37.43645,-122.17531,270,0.008998411,0.054763277,0.417293793,0.186361012,112,9,12,12,12,28,19,18,2,CAPCTX1,Palo Alto,CA,Santa Clara County
California Pacific Medical Center (CAPM),37.79050015,-122.4323086,636,0.055962959,0.054763277,0.105441104,0.186361012,1750,53,78,129,213,320,280,375,302,CAPMTX1,San Francisco,CA,San Francisco County
Riverside Community Hospital (CARC),33.9765046,-117.382575,462,0.049187613,0.054763277,0.109756883,0.186361012,247,0,4,14,41,66,41,38,43,CARCTX1,Riverside,CA,Riverside County
University of California San Diego Medical Center (CASD),32.8786919,-117.226489,148,0.039549671,0.054763277,0.098905578,0.186361012,736,21,26,59,103,113,98,167,149,CASDTX1,La Jolla,CA,San Diego County
University of California San Francisco Medical Center (CASF),37.7627,-122.4586,100,0.068976176,0.054763277,0.066007671,0.186361012,4886,70,180,223,398,691,569,1069,1686,CASFTX1,San Francisco,CA,San Francisco County
Sharp Memorial Hospital (CASH),32.79969815,-117.1543535,603,0.035099122,0.054763277,0.127474097,0.186361012,482,22,23,39,59,82,60,101,96,CASHTX1,San Diego,CA,San Diego County
Saint Joseph Hospital (CASJ),44.0465,-123.0811,863,0.043789096,0.054763277,0.090299453,0.186361012,148,2,3,7,11,29,20,40,36,CASJTX1,Eugene,OR,Lane County
University of California Davis Medical Center (CASM),38.55413004,-121.45508,2268,0.039559666,0.054763277,0.271438405,0.186361012,1381,36,77,146,215,308,256,230,113,CASMTX1,Sacramento,CA,Sacramento County
Stanford Health Care (CASU),37.67758085,-121.7816121,930,0.055005982,0.054763277,0.064748648,0.186361012,1936,44,61,117,187,360,238,393,536,CASUTX1,Livermore,CA,Alameda County
St. Vincent Medical Center (CASV),39.9812576,-86.14163218,296,0.050171517,0.054763277,0.168239106,0.186361012,353,8,18,26,35,82,42,80,62,CASVTX1,Carmel,IN,Hamilton County
University of California at Los Angeles Medical Center (CAUC),34.0664646,-118.4465068,96,0.047600751,0.054763277,0.157072936,0.186361012,2268,66,79,148,246,489,360,468,412,CAUCTX1,Los Angeles,CA,Los Angeles County
Keck Hospital of USC (CAUH),34.0627257,-118.2018882,524,0.05834417,0.054763277,0.149404973,0.186361012,1118,36,81,76,95,174,175,307,174,CAUHTX1,Los Angeles,CA,Los Angeles County
Children's Hospital Colorado (COCH),39.5570689,-105.0105821,0,0,0.054763277,1.372335212,0.186361012,20,5,3,7,2,2,1,0,0,COCHTX1,Littleton,CO,Douglas County
Centura Porter Adventist Hospital (COPM),39.6699704,-104.9758832,196,0.096001,0.054763277,0.142288672,0.186361012,177,0,0,5,30,76,18,31,17,COPMTX1,Denver,CO,Denver County
Presbyterian/St Luke's Medical Center (COSL),39.74715715,-104.9670967,100,0.038292242,0.054763277,0.141079394,0.186361012,428,16,24,15,33,90,65,109,76,COSLTX1,Denver,CO,Denver County
University of Colorado Hospital/Health Science Center (COUC),39.7425,-104.8415,2,0.056749053,0.054763277,0.169909703,0.186361012,988,37,61,57,127,237,153,214,102,COUCTX1,Aurora,CO,Adams County
Hartford Hospital (CTHH),41.75396065,-72.6794554,315,0.062333878,0.054763277,0.207600626,0.186361012,336,10,28,38,45,63,55,53,44,CTHHTX1,Hartford,CT,Hartford County
Yale New Haven Hospital (CTYN),41.30431175,-72.93601316,175,0.060550699,0.054763277,0.151401639,0.186361012,720,14,30,35,61,139,115,164,162,CTYNTX1,New Haven,CT,New Haven County
Children's National Medical Center (DCCH),33.50467185,-86.80556782,108,0,0.054763277,1.347785978,0.186361012,25,1,4,5,7,4,1,0,3,DCCHTX1,Birmingham,AL,Jefferson County
George Washington University Hospital (DCGW),38.9014106,-77.05060019,2332,0.029775916,0.054763277,0.390159608,0.186361012,259,12,12,36,59,64,49,27,0,DCGWTX1,Washington,DC,District of Columbia
Walter Reed National Military Medical Center at Bethesda (DCWR),38.90477119,-77.01632175,10,0.040543041,0.054763277,0.216263003,0.186361012,303,8,21,22,38,77,45,53,39,DCWRTX1,Washington,DC,District of Columbia
Alfred I DuPont Hospital for Children (DEAI),39.77859,-75.55673,130,0,0.054763277,0.874102564,0.186361012,4,1,1,0,0,1,1,0,0,DEAITX1,Wilmington,DE,New Castle County
Christiana Care Health Services (DECC),39.6875,-75.6684,223,0.050735727,0.054763277,0.11419278,0.186361012,173,6,4,12,26,36,25,37,27,DECCTX1,Newark,DE,New Castle County
Cleveland Clinic Florida Weston (FLCC),26.0819,-80.3644,412,0.026116468,0.054763277,0.426596074,0.186361012,574,47,65,92,144,137,53,36,0,FLCCTX1,Fort Lauderdale,FL,Broward County
Florida Hospital Medical Center (FLFH),29.2433,-81.1084,1205,0.042370561,0.054763277,0.358327202,0.186361012,391,15,43,34,38,74,67,65,55,FLFHTX1,Daytona Beach,FL,Volusia County
Gulf Coast Medical Center (FLFR),26.54376865,-81.85002357,1426,0.057892502,0.054763277,0.083093604,0.186361012,102,0,9,13,23,30,4,16,7,FLFRTX1,Fort Myers,FL,Lee County
Halifax Medical Center (FLHM),29.201,-81.0544,325,0.060854715,0.054763277,0.424666363,0.186361012,44,5,5,9,12,10,2,1,0,FLHMTX1,Daytona Beach,FL,Volusia County
Jackson Memorial Hospital University of Miami School of Medicine (FLJM),25.7916705,-80.21260146,526,0.056318619,0.054763277,0.184786107,0.186361012,1491,46,66,93,156,344,230,341,215,FLJMTX1,Miami,FL,Miami-Dade County
Largo Medical Center (FLLM),27.91549155,-82.80373351,428,0.074172477,0.054763277,1.514347541,0.186361012,49,5,13,13,6,9,3,0,0,FLLMTX1,Largo,FL,Pinellas County
Sacred Heart Hospital Pensacola (FLSH),30.47676999,-87.21114008,244,0,0.054763277,0.142815249,0.186361012,148,5,14,25,71,33,0,0,0,FLSHTX1,Pensacola,FL,Escambia County
Mayo Clinic Florida (FLSL),30.2604657,-81.44479406,0,0.062697943,0.054763277,0.220688474,0.186361012,743,20,83,49,125,151,120,117,78,FLSLTX1,Jacksonville,FL,Duval County
Tampa General Hospital (FLTG),27.9375006,-82.45889587,1460,0.044690308,0.054763277,0.33945498,0.186361012,761,43,72,76,128,203,119,92,28,FLTGTX1,Tampa,FL,Hillsborough County
UF Health Shands Hospital (FLUF),29.64042595,-82.34347126,828,0.055619676,0.054763277,0.158569156,0.186361012,535,33,25,40,66,116,126,95,34,FLUFTX1,Gainesville,FL,Alachua County
Children's Healthcare of Atlanta at Egleston (GAEH),33.79356545,-84.31985887,71,0,0.054763277,0.736819645,0.186361012,33,1,1,2,6,14,6,2,1,GAEHTX1,Atlanta,GA,DeKalb County
Emory University Hospital (GAEM),33.792151,-84.32208291,561,0.058896173,0.054763277,0.111709142,0.186361012,2332,76,127,167,284,488,428,459,303,GAEMTX1,Atlanta,GA,DeKalb County
"AU Medical Center, Inc. (GAMC)",30.85884995,-83.28570002,1021,0.061594092,0.054763277,0.05392526,0.186361012,967,9,32,43,69,160,220,287,147,GAMCTX1,Valdosta,GA,Lowndes County
Piedmont Hospital (GAPH),33.8093759,-84.39542732,577,0.050560768,0.054763277,0.104985955,0.186361012,1460,48,65,103,143,256,224,386,235,GAPHTX1,Atlanta,GA,Fulton County
The Queen's Medical Center (HIQM),21.30799045,-157.853676,130,0.034606201,0.054763277,0.120194223,0.186361012,312,2,7,20,41,61,41,83,57,HIQMTX1,Honolulu,HI,Honolulu County
Iowa Methodist Medical Center (IAIM),41.5898162,-93.63485196,4,0.062197161,0.054763277,0.814931882,0.186361012,92,12,8,19,13,25,10,3,2,IAIMTX1,Des Moines,IA,Polk County
University of Iowa Hospitals and Clinics Transplant Programs (IAIV),36.03792865,-79.09087991,155,0.035577515,0.054763277,0.307990317,0.186361012,237,13,17,23,39,76,29,32,8,IAIVTX1,Hillsborough,NC,Orange County
Mercy Medical Center-Des Moines (IAMH),41.97824445,-91.65681472,44,0.031933379,0.054763277,0.241615971,0.186361012,78,2,4,3,10,26,10,19,4,IAMHTX1,Cedar Rapids,IA,Linn County
The Iowa City VA Health Care System (IAVA),41.66374002,-91.52895999,4,0.06932494,0.054763277,0.390662602,0.186361012,136,8,3,16,18,28,28,30,5,IAVATX1,Iowa City,IA,Johnson County
Advocate Christ Medical Center (ILCH),41.72199875,-87.73210067,30,0.038248209,0.054763277,0.111280775,0.186361012,202,8,8,10,21,44,29,66,16,ILCHTX1,Oak Lawn,IL,Cook County
Ann & Robert H. Lurie Children's Hospital of Chicago (ILCM),41.89596001,-87.62145003,480,0,0.054763277,0.37227816,0.186361012,43,0,2,4,7,11,7,4,8,ILCMTX1,Chicago,IL,Cook County
Loyola University Medical Center (ILLU),41.85901495,-87.83524275,209,0.081166072,0.054763277,0.247286576,0.186361012,330,22,29,27,70,94,21,43,24,ILLUTX1,Hines,IL,Cook County
Memorial Medical Center (ILMM),39.50941,-91.52843,206,0.09193811,0.054763277,0.149400252,0.186361012,94,2,6,6,11,30,10,20,9,ILMMTX1,Center,MO,Ralls County
Northwestern Memorial Hospital (ILNM),41.89498135,-87.62153624,0,0.046524436,0.054763277,0.196766906,0.186361012,935,21,43,44,88,153,162,223,201,ILNMTX1,Chicago,IL,Cook County
Rush University Medical Center (ILPL),41.8739038,-87.66911211,429,0.03164176,0.054763277,0.187829864,0.186361012,462,15,25,33,70,125,70,77,47,ILPLTX1,Chicago,IL,Cook County
OSF Saint Francis Medical Center (ILSF),40.7023663,-89.58998457,577,0.045449293,0.054763277,0.134334351,0.186361012,325,9,19,23,40,60,68,60,46,ILSFTX1,Peoria,IL,Peoria County
University of Chicago Medical Center (ILUC),41.79001002,-87.60126996,240,0.051841716,0.054763277,0.123297781,0.186361012,497,18,13,25,43,81,80,129,108,ILUCTX1,Chicago,IL,Cook County
University of Illinois Medical Center (ILUI),41.86922,-87.67062,300,0.06773203,0.054763277,0.180681904,0.186361012,584,22,32,50,73,88,66,126,127,ILUITX1,Chicago,IL,Cook County
Indiana University Health (INIM),40.19690095,-85.41530167,478,0.05001979,0.054763277,0.230571758,0.186361012,800,28,54,83,106,157,128,137,107,INIMTX1,Muncie,IN,Delaware County
Lutheran Hospital of Fort Wayne (INLH),41.03890485,-85.24972703,743,0.047403463,0.054763277,0.146779379,0.186361012,96,4,8,8,16,16,16,22,6,INLHTX1,Fort Wayne,IN,Allen County
St Vincent Hospital and Health Care Center (INSV),34.06406005,-118.2733442,375,0.037599596,0.054763277,0.233613308,0.186361012,244,17,21,29,41,50,42,40,4,INSVTX1,Los Angeles,CA,Los Angeles County
University of Kansas Hospital (KSUK),39.0559267,-94.6090332,193,0.039927633,0.054763277,0.386566614,0.186361012,299,13,25,43,61,75,46,26,10,KSUKTX1,Kansas City,KS,Wyandotte County
Jewish Hospital (KYJH),38.2500543,-85.75025024,772,0.096239239,0.054763277,0.251821777,0.186361012,330,7,31,35,63,88,56,32,18,KYJHTX1,Louisville,KY,Jefferson County
Norton Children's Hospital (KYKC),38.24844765,-85.74973679,92,0,0.054763277,1.457114362,0.186361012,1,0,0,0,0,0,1,0,0,KYKCTX1,Louisville,KY,Jefferson County
University of Kentucky Medical Center (KYUK),38.03904,-84.50669,244,0.059820914,0.054763277,0.198215587,0.186361012,439,12,33,40,77,80,83,80,34,KYUKTX1,Lexington,KY,Fayette County
Children's Hospital (LACH),29.9178692,-90.12764053,0,0.125688231,0.054763277,0.821961948,0.186361012,6,0,0,2,2,1,1,0,0,LACHTX1,New Orleans,LA,Orleans Parish
Ochsner Foundation Hospital (LAOF),29.9610677,-90.14567367,144,0.057994928,0.054763277,0.125266867,0.186361012,1021,18,47,59,130,202,152,271,142,LAOFTX1,New Orleans,LA,Jefferson Parish
Tulane Medical Center (LATU),29.95531385,-90.07588289,185,0.049388512,0.054763277,0.166203082,0.186361012,526,27,43,59,67,96,64,93,77,LATUTX1,New Orleans,LA,Orleans Parish
Willis-Knighton Medical Center (LAWK),32.48491885,-93.77870669,479,0.03898495,0.054763277,0.197002425,0.186361012,315,9,22,34,43,64,61,60,22,LAWKTX1,Shreveport,LA,Caddo Parish
Beth Israel Deaconess Medical Center (MABI),42.33837185,-71.10970568,238,0.043935497,0.054763277,0.156793624,0.186361012,412,14,25,27,59,94,76,67,50,MABITX1,Boston,MA,Suffolk County
Baystate Medical Center (MABS),42.12152205,-72.60300615,1995,0.038171795,0.054763277,0.213889716,0.186361012,168,4,20,18,20,41,24,26,15,MABSTX1,Springfield,MA,Hampden County
Boston Medical Center (MABU),42.33415835,-71.07464659,868,0.028872091,0.054763277,0.173370849,0.186361012,280,10,15,27,30,63,56,45,34,MABUTX1,Boston,MA,Suffolk County
Boston Children's Hospital (MACH),42.33734685,-71.1057172,795,0.030511235,0.054763277,0.85295304,0.186361012,22,1,3,1,5,5,2,3,2,MACHTX1,Boston,MA,Suffolk County
Lahey Clinic Medical Center (MALC),42.48464385,-71.2042249,219,0.053460782,0.054763277,0.219294925,0.186361012,177,14,10,20,25,32,22,38,16,MALCTX1,Burlington,MA,Middlesex County
Massachusetts General Hospital (MAMG),42.36291795,-71.06873742,1750,0.05461105,0.054763277,0.169559532,0.186361012,1033,28,70,92,137,271,183,174,78,MAMGTX1,Boston,MA,Suffolk County
Tufts Medical Center (MANM),42.3495588,-71.0634112,5,0.049695809,0.054763277,0.217275225,0.186361012,196,8,12,16,20,47,19,41,33,MANMTX1,Boston,MA,Suffolk County
Brigham and Women's Hospital (MAPB),42.33568,-71.10604363,88,0.030946105,0.054763277,0.263472694,0.186361012,306,7,16,26,48,83,52,55,19,MAPBTX1,Boston,MA,Suffolk County
UMass Memorial Medical Center (MAUM),42.27625,-71.76208,399,0.046355515,0.054763277,0.166769717,0.186361012,364,9,20,33,45,85,64,63,45,MAUMTX1,Worcester,MA,Worcester County
Johns Hopkins Hospital (MDJH),39.2964392,-76.59239403,50,0.058783294,0.054763277,0.146148765,0.186361012,1426,35,57,113,200,319,248,328,126,MDJHTX1,Baltimore,MD,Baltimore city
University of Maryland Medical System (MDUM),39.28827365,-76.62439437,38,0.07846115,0.054763277,0.156882077,0.186361012,1205,23,27,83,111,186,164,387,224,MDUMTX1,Baltimore,MD,Baltimore city
Maine Medical Center (MEMC),43.6531775,-70.27625522,4,0.04124633,0.054763277,0.431789788,0.186361012,108,9,10,10,13,19,21,18,8,MEMCTX1,Portland,ME,Cumberland County
William Beaumont Hospital (MIBH),42.6173755,-83.09356974,5,0.051789206,0.054763277,0.214177061,0.186361012,379,8,21,38,39,102,67,57,47,MIBHTX1,Troy,MI,Oakland County
Children's Hospital of Michigan (MICH),35.511168,-97.6330972,94,0,0.054763277,0.616542411,0.186361012,6,0,0,2,0,3,0,0,1,MICHTX1,Bethany,OK,Oklahoma County
Helen DeVos Children's Hospital (MIDV),42.35165006,-83.05434001,16,0,0.054763277,1.080040323,0.186361012,4,0,0,1,2,0,1,0,0,MIDVTX1,Detroit,MI,Wayne County
Henry Ford Hospital (MIHF),42.36764305,-83.08540269,312,0.062128058,0.054763277,0.20657406,0.186361012,472,16,20,32,45,102,97,112,48,MIHFTX1,Detroit,MI,Wayne County
Harper University Hospital Detroit Medical Center (MIHH),42.3518979,-83.0563402,59,0.034908567,0.054763277,0.12629668,0.186361012,226,1,9,16,15,44,58,47,36,MIHHTX1,Detroit,MI,Wayne County
St John Hospital and Medical Center (MISJ),42.41947195,-82.91322987,161,0.046949564,0.054763277,0.117521895,0.186361012,232,5,9,12,20,57,48,45,36,MISJTX1,Grosse Pointe,MI,Wayne County
Mercy Health Saint Mary’s (MISM,42.95837285,-85.66280337,166,0.073836931,0.054763277,0.359459218,0.186361012,328,8,22,39,54,71,58,59,17,MISMTX1,Grand Rapids,MI,Kent County
University of Michigan Medical Center (MIUM),42.2836501,-83.731193,1763,0.047836476,0.054763277,0.181905137,0.186361012,807,25,67,66,122,117,156,161,93,MIUMTX1,Ann Arbor,MI,Washtenaw County
Hennepin County Medical Center (MNHC),44.97208635,-93.26218936,17,0.035655296,0.054763277,0.155510897,0.186361012,321,8,15,16,33,69,49,42,89,MNHCTX1,Minneapolis,MN,Hennepin County
Rochester Methodist Hospital (Mayo Clinic) (MNMC),44.92704005,-93.36163994,391,0.045532386,0.054763277,0.314712314,0.186361012,828,29,71,79,178,184,94,121,72,MNMCTX1,Minneapolis,MN,Hennepin County
Saint Marys Hospital (Mayo Clinic) (MNSM),44.0465,-123.0811,228,0.145808383,0.054763277,0.574625321,0.186361012,17,0,4,3,3,3,2,2,0,MNSMTX1,Eugene,OR,Lane County
"University of Minnesota Medical Center, Fairview (MNUM)",44.97127997,-93.23061003,353,0.061890217,0.054763277,0.229562775,0.186361012,867,29,58,54,113,162,106,187,158,MNUMTX1,Minneapolis,MN,Hennepin County
Barnes-Jewish Hospital (MOBH),38.63734255,-90.26432457,3,0.059691876,0.054763277,0.272897155,0.186361012,795,34,53,67,88,176,117,157,103,MOBHTX1,Saint Louis,MO,St. Louis city
Cardinal Glennon Children's Hospital (MOCG),38.62061001,-90.23950993,2,0,0.054763277,2.085818528,0.186361012,4,0,0,2,2,0,0,0,0,MOCGTX1,Saint Louis,MO,St. Louis city
St. Louis Children's Hospital (MOCH),38.6377054,-90.26501209,274,0,0.054763277,1.448583569,0.186361012,5,1,1,0,0,1,2,0,0,MOCHTX1,Saint Louis,MO,St. Louis city
Children's Mercy Hospital (MOCM),38.927021,-77.01397879,249,0.034793999,0.054763277,0.65558601,0.186361012,38,2,5,4,13,9,1,4,0,MOCMTX1,Washington,DC,District of Columbia
St Luke's Hospital of Kansas City (MOLH),40.67855,-73.58896,118,0.025878036,0.054763277,0.522618875,0.186361012,230,9,27,31,58,69,27,9,0,MOLHTX1,Roosevelt,NY,Nassau County
Research Medical Center (MORH),39.00993505,-94.55974788,6,0.041376751,0.054763277,0.321595257,0.186361012,227,8,15,32,52,52,38,24,6,MORHTX1,Kansas City,MO,Jackson County
SSM Health Saint Louis University Hospital (MOSL),38.62255005,-90.23937996,4,0.024503391,0.054763277,0.301455245,0.186361012,175,7,15,15,44,45,24,21,4,MOSLTX1,Saint Louis,MO,St. Louis city
University of Mississippi Medical Center (MSUM),32.32871997,-90.17556,15,0.044791536,0.054763277,0.23442943,0.186361012,604,23,41,78,90,118,86,121,47,MSUMTX1,Jackson,MS,Hinds County
Wake Forest Baptist Medical Center (NCBG),36.08983775,-80.26771223,800,0.054278161,0.054763277,0.281564059,0.186361012,650,26,67,72,142,133,74,68,68,NCBGTX1,Winston-Salem,NC,Forsyth County
Carolinas Medical Center (NCCM),35.20374595,-80.83931376,33,0.026321184,0.054763277,0.210302532,0.186361012,524,20,30,44,85,97,89,85,74,NCCMTX1,Charlotte,NC,Mecklenburg County
Duke University Hospital (NCDU),36.0070213,-78.93734788,278,0.051854179,0.054763277,0.265193084,0.186361012,630,21,46,76,126,155,70,98,38,NCDUTX1,Durham,NC,Durham County
Vidant Medical Center (NCEC),35.60759855,-77.40290417,177,0.047631138,0.054763277,0.277433642,0.186361012,270,13,18,29,58,63,26,33,30,NCECTX1,Greenville,NC,Pitt County
University of North Carolina Hospitals (NCMH),44.9677,-93.2362,0,0.045426797,0.054763277,0.138575225,0.186361012,772,28,43,33,94,193,147,136,98,NCMHTX1,Minneapolis,MN,Hennepin County
Sanford Bismarck Medical Center (NDMC),46.80745001,-100.78177,93,0.091707351,0.054763277,0.235659994,0.186361012,100,5,10,10,10,21,21,23,0,NDMCTX1,Bismarck,ND,Burleigh County
Sanford Medical Center Fargo (NDSL),46.8455717,-96.87681928,330,0.040660136,0.054763277,0.37924488,0.186361012,65,2,3,7,11,12,12,14,4,NDSLTX1,Fargo,ND,Cass County
The Nebraska Medical Center (NEUN),40.75454505,-96.64303233,280,0.038497276,0.054763277,0.620836242,0.186361012,217,21,29,30,42,59,26,5,5,NEUNTX1,Lincoln,NE,Lancaster County
Mary Hitchcock Memorial Hospital (NHDH),44.06137,-71.13664,574,0.048086628,0.054763277,0.346531024,0.186361012,96,4,7,13,20,21,15,12,4,NHDHTX1,North Conway,NH,Carroll County
Newark Beth Israel Medical Center (NJBI),40.71027275,-74.21258458,1491,0.350527831,0.054763277,0.953033268,0.186361012,4,1,1,0,0,1,1,0,0,NJBITX1,Newark,NJ,Essex County
Hackensack University Medical Center (NJHK),40.8837051,-74.05594088,97,0.050824168,0.054763277,0.240006831,0.186361012,185,13,19,20,30,40,35,27,1,NJHKTX1,Hackensack,NJ,Bergen County
Our Lady of Lourdes Medical Center (NJLL),40.45778,-74.44309,0,0.04613068,0.054763277,0.126718186,0.186361012,309,13,17,26,49,51,66,63,24,NJLLTX1,Milltown,NJ,Middlesex County
Robert Wood Johnson University Hospital (NJRW),40.4953003,-74.44952047,328,0.064557793,0.054763277,0.104241022,0.186361012,193,5,0,5,0,56,36,48,43,NJRWTX1,New Brunswick,NJ,Middlesex County
Saint Barnabas Medical Center (NJSB),36.0726356,-95.91973578,394,0.041651567,0.054763277,0.213308565,0.186361012,1491,47,59,110,186,334,230,351,174,NJSBTX1,Tulsa,OK,Tulsa County
"University Hospital, University of New Mexico Health Sciences Center (NMAQ)",35.08840225,-106.6171645,148,0.035544714,0.054763277,0.16203035,0.186361012,223,11,6,8,21,46,33,46,52,NMAQTX1,Albuquerque,NM,Bernalillo County
Presbyterian Hospital (NMPH),35.08092275,-106.6341359,11,0.061714017,0.054763277,0.205315778,0.186361012,305,5,30,41,41,64,36,46,42,NMPHTX1,Albuquerque,NM,Bernalillo County
University Medical Center of Southern Nevada (NVUM),36.80623,-114.0680499,232,0.013890896,0.054763277,0.3913668,0.186361012,195,4,13,20,47,61,26,19,5,NVUMTX1,Mesquite,NV,Clark County
Albany Medical Center Hospital (NYAM),42.6532796,-73.77717862,96,0.026199843,0.054763277,0.23939083,0.186361012,228,12,16,24,33,38,30,52,23,NYAMTX1,Albany,NY,Albany County
Long Island Jewish Medical Center-Cohen Children's Medical Center (NYCC),40.7539227,-73.70854637,736,0,0.054763277,1.231179775,0.186361012,16,1,2,3,6,4,0,0,0,NYCCTX1,Floral Park,NY,Queens County
NY Presbyterian Hospital/Columbia Univ. Medical Center (NYCP),40.84128,-73.94032,270,0.071957955,0.054763277,0.179560896,0.186361012,746,14,36,48,96,114,87,190,161,NYCPTX1,New York,NY,New York County
"State University of New York, Downstate Medical Center (NYDS)",43.04232996,-76.14027992,50,0.042378088,0.054763277,0.100657284,0.186361012,423,11,25,24,43,59,54,109,98,NYDSTX1,Syracuse,NY,Onondaga County
Erie County Medical Center (NYEC),42.9252301,-78.83177345,116,0.106738902,0.054763277,0.42307149,0.186361012,219,16,14,20,41,54,15,16,43,NYECTX1,Buffalo,NY,Erie County
"Strong Memorial Hospital, University of Rochester Medical Center (NYFL)",43.12290635,-77.6253854,807,0.044958918,0.054763277,0.169181619,0.186361012,398,14,33,35,46,82,68,67,53,NYFLTX1,Rochester,NY,Monroe County
Montefiore Medical Center (NYMA),40.8253239,-73.9170033,94,0.057028554,0.054763277,0.180269101,0.186361012,947,38,75,121,124,157,131,158,143,NYMATX1,Bronx,NY,Bronx County
Mount Sinai Medical Center (NYMS),25.8142,-80.1399,306,0.053549274,0.054763277,0.127354231,0.186361012,1763,47,70,126,183,334,276,366,361,NYMSTX1,Miami Beach,FL,Miami-Dade County
North Shore University Hospital/Northwell Health (NYNS),40.7751841,-73.70096351,22,0.041383536,0.054763277,0.111521558,0.186361012,429,12,24,24,71,94,66,74,64,NYNSTX1,Manhasset,NY,Nassau County
New York-Presbyterian Hospital/Weill Cornell Medical Center (NYNY),40.7641,-73.9537,6,0.056380294,0.054763277,0.149936362,0.186361012,1236,17,43,48,124,192,180,279,353,NYNYTX1,New York,NY,New York County
University Hospital of State University of New York at Stony Brook (NYSB),42.62681994,-73.73960006,0,0.054750153,0.054763277,0.34671587,0.186361012,236,10,8,18,52,78,25,30,15,NYSBTX1,Rensselaer,NY,Rensselaer County
New York University Medical Center (NYUC),40.745955,-73.97146786,10,0.037999534,0.054763277,0.411086993,0.186361012,388,29,42,62,67,64,50,55,19,NYUCTX1,New York,NY,New York County
State University of New York Upstate Medical University (NYUM),40.65453008,-73.94431004,556,0.052264612,0.054763277,0.443733385,0.186361012,295,12,15,60,75,84,24,10,15,NYUMTX1,Brooklyn,NY,Kings County
James J. Peters VA Medical Center (NYVA),43.0400565,-76.02160725,761,0.035337655,0.054763277,0.22273605,0.186361012,88,10,6,7,32,33,0,0,0,NYVATX1,Fayetteville,NY,Onondaga County
Westchester Medical Center (NYWC),41.087434,-73.80669395,245,0.078368238,0.054763277,0.112127888,0.186361012,479,15,16,34,65,95,55,105,94,NYWCTX1,Valhalla,NY,Westchester County
The Cleveland Clinic Foundation (OHCC),41.65938035,-91.54841274,398,0.056905265,0.054763277,0.228277368,0.186361012,636,17,37,79,106,106,94,122,75,OHCCTX1,Iowa City,IA,Johnson County
Nationwide Children's Hospital (OHCH),39.95281405,-82.98039904,352,0,0.054763277,1.146481821,0.186361012,9,1,2,1,3,0,0,2,0,OHCHTX1,Columbus,OH,Franklin County
Children's Hospital Medical Center (OHCM),42.3518356,-83.05491286,90,0.045291091,0.054763277,1.086986174,0.186361012,30,3,10,4,6,4,3,0,0,OHCMTX1,Detroit,MI,Wayne County
University of Toledo Medical Center (OHCO),41.61860055,-83.61600726,237,0.039760241,0.054763277,0.408216238,0.186361012,136,5,7,18,24,37,18,17,10,OHCOTX1,Toledo,OH,Lucas County
Ohio State University Medical Center (OHOU),39.99493415,-83.01842022,151,0.054863061,0.054763277,0.427157768,0.186361012,458,28,55,75,52,121,59,50,18,OHOUTX1,Columbus,OH,Franklin County
St. Elizabeth Health Center (OHSE),39.23275331,-84.54332305,935,0.5844,0.054763277,0,0.186361012,2,0,0,0,0,0,0,0,2,OHSETX1,Cincinnati,OH,Hamilton County
The Christ Hospital (OHTC),39.12083875,-84.51111282,259,0.023596994,0.054763277,0.53900532,0.186361012,94,9,17,16,16,12,5,10,9,OHTCTX1,Cincinnati,OH,Hamilton County
University of Cincinnati  Medical Center (OHUC),39.1379036,-84.50339364,26,0.073357706,0.054763277,0.450766539,0.186361012,240,19,32,33,45,63,18,15,15,OHUCTX1,Cincinnati,OH,Hamilton County
University Hospitals of Cleveland (OHUH),41.50712751,-81.60684368,66,0.075079544,0.054763277,0.144067405,0.186361012,577,21,32,67,74,84,82,106,111,OHUHTX1,Cleveland,OH,Cuyahoga County
Integris Baptist Medical Center (OKBC),35.5294826,-97.57649973,1936,0.049118642,0.054763277,0.407963346,0.186361012,244,5,31,42,50,51,27,30,8,OKBCTX1,Oklahoma City,OK,Oklahoma County
Children's Hospital of Oklahoma (OKCM),39.94769755,-75.19498022,839,0,0.054763277,0.439795304,0.186361012,10,0,2,0,1,4,1,2,0,OKCMTX1,Philadelphia,PA,Philadelphia County
OU Medical Center (OKMD),35.4812872,-97.5010817,247,0.032162906,0.054763277,0.353897346,0.186361012,97,6,9,8,18,26,14,11,5,OKMDTX1,Oklahoma City,OK,Oklahoma County
Saint Francis Hospital (OKSF),39.0485192,-94.59049437,720,0.036523435,0.054763277,0.324909874,0.186361012,97,6,6,15,14,23,14,12,7,OKSFTX1,Kansas City,MO,Jackson County
St John Medical Center (OKSJ),36.13430994,-95.96630993,227,0.051029416,0.054763277,0.516889709,0.186361012,93,5,9,19,18,20,9,11,2,OKSJTX1,Tulsa,OK,Tulsa County
Legacy Good Samaritan Hospital and Medical Center (ORGS),45.53047998,-122.6966301,642,0.042280263,0.054763277,0.362090307,0.186361012,238,13,16,21,40,58,32,47,11,ORGSTX1,Portland,OR,Multnomah County
Oregon Health & Science University (ORUO),45.499038,-122.6856953,8,0.038125708,0.054763277,0.42234768,0.186361012,281,17,29,40,59,50,27,40,19,ORUOTX1,Portland,OR,Multnomah County
VA Portland Health Care System (ORVA),45.51179,-122.67563,1,0.02470192,0.054763277,0.228736605,0.186361012,177,4,16,16,29,33,33,33,13,ORVATX1,Portland,OR,Multnomah County
Albert Einstein Medical Center (PAAE),40.03694351,-75.14477058,102,0.082977977,0.054763277,0.096950882,0.186361012,561,5,12,25,51,58,62,138,210,PAAETX1,Philadelphia,PA,Philadelphia County
Allegheny General Hospital (PAAG),40.45696955,-80.00331139,604,0.062904113,0.054763277,0.280654229,0.186361012,375,13,22,38,56,91,64,57,34,PAAGTX1,Pittsburgh,PA,Allegheny County
Crozer-Chester Medical Center (PACC),39.85541155,-75.36825021,388,0.025412231,0.054763277,0.099135636,0.186361012,144,1,12,11,17,27,20,48,8,PACCTX1,Chester,PA,Delaware County
UPMC Children's Hospital of Pittsburgh (PACH),40.46720145,-79.95324526,238,0.122979798,0.054763277,1.446621459,0.186361012,12,3,0,3,3,3,0,0,0,PACHTX1,Pittsburgh,PA,Allegheny County
Children's Hospital of Philadelphia (PACP),37.0874995,-76.4649171,1236,0,0.054763277,0.369224594,0.186361012,50,1,5,7,10,7,3,11,6,PACPTX1,Newport News,VA,Newport News city
Geisinger Medical Center (PAGM),40.966707,-76.605347,108,0.04532875,0.054763277,0.16220388,0.186361012,209,12,12,6,30,56,21,53,19,PAGMTX1,Danville,PA,Montour County
Penn State Milton S Hershey Medical Center (PAHE),40.26441,-76.67394001,127,0.054346797,0.054763277,0.17014259,0.186361012,165,12,14,20,19,47,20,26,7,PAHETX1,Hershey,PA,Dauphin County
Pinnacle Health System at Harrisburg Hospital (PAHH),32.68292999,-114.63598,667,0.036986405,0.054763277,0.136767423,0.186361012,249,8,13,16,26,52,43,44,47,PAHHTX1,Yuma,AZ,Yuma County
Hahnemann University Hospital (PAHM),39.95674865,-75.16355928,757,0.050202815,0.054763277,0.132042509,0.186361012,344,11,15,11,40,70,58,71,68,PAHMTX1,Philadelphia,PA,Philadelphia County
The Lankenau Hospital (PALH),39.98813305,-75.26243038,1,0.042359286,0.054763277,0.231878213,0.186361012,162,4,9,21,18,48,23,24,15,PALHTX1,Wynnewood,PA,Montgomery County
Lehigh Valley Hospital (PALV),40.565376,-75.52193051,462,0.056407784,0.054763277,0.235862907,0.186361012,384,21,8,31,70,86,79,61,28,PALVTX1,Allentown,PA,Lehigh County
UPMC Hamot (PAPH),42.1338802,-80.08707465,727,0.033769416,0.054763277,0.337694157,0.186361012,60,2,8,6,16,26,2,0,0,PAPHTX1,Erie,PA,Erie County
University of Pittsburgh Medical Center (PAPT),40.44531,-79.95133998,1553,0.067707805,0.054763277,0.212613725,0.186361012,839,29,66,76,123,168,137,173,67,PAPTTX1,Pittsburgh,PA,Allegheny County
St. Christopher's Hospital for Children (PASC),40.0062181,-75.1256601,423,0,0.054763277,0,0.186361012,4,0,1,1,1,0,1,0,0,PASCTX1,Philadelphia,PA,Philadelphia County
Thomas Jefferson University Hospital (PATJ),39.9493479,-75.15801475,78,0.054503537,0.054763277,0.162898346,0.186361012,577,33,23,48,79,115,110,75,94,PATJTX1,Philadelphia,PA,Philadelphia County
Temple University Hospital (PATU),40.0053079,-75.15082352,650,0.049740469,0.054763277,0.192592696,0.186361012,336,4,15,30,60,93,46,60,28,PATUTX1,Philadelphia,PA,Philadelphia County
Hospital of the University of Pennsylvania (PAUP),39.9505,-75.1927,281,0.039933664,0.054763277,0.162560909,0.186361012,1138,51,50,90,154,241,212,191,149,PAUPTX1,Philadelphia,PA,Philadelphia County
VA Pittsburgh Healthcare System (PAVA),40.43851,-79.99734,544,0.068456933,0.054763277,0.090695108,0.186361012,642,14,26,40,62,157,109,137,97,PAVATX1,Pittsburgh,PA,Allegheny County
Auxilio Mutuo Hospital (PRSJ),18.41048,-66.04891,364,0.056318953,0.054763277,0.161762671,0.186361012,352,7,31,31,35,96,67,69,16,PRSJTX1,San Juan,PR,San Juan Municipio
Rhode Island Hospital (RIRH),41.8118618,-71.4091293,0,0.055186893,0.054763277,0.200445325,0.186361012,278,9,11,30,30,68,51,49,30,RIRHTX1,Providence,RI,Providence County
Medical University of South Carolina (SCMU),32.7845,-79.9467,60,0.060622779,0.054763277,0.257805566,0.186361012,930,53,61,66,152,194,124,154,126,SCMUTX1,Charleston,SC,Charleston County
Avera McKennan Hospital (SDMK),43.53374,-96.71485,4,0.046202498,0.054763277,0.119751294,0.186361012,241,4,11,18,33,47,52,48,28,SDMKTX1,Sioux Falls,SD,Minnehaha County
Sanford Health/USD Medical Center (SDSV),43.53600993,-96.74252005,65,0.054331364,0.054763277,0.260848302,0.186361012,100,1,7,6,23,25,23,10,5,SDSVTX1,Sioux Falls,SD,Minnehaha County
Erlanger Medical Center (TNEM),35.02190995,-85.16007003,9,0.061232758,0.054763277,0.1881501,0.186361012,161,3,10,14,22,45,24,28,15,TNEMTX1,Chattanooga,TN,Hamilton County
Le Bonheur Children's Medical Center (TNLB),35.14452999,-90.03187007,0,0,0.054763277,0.874286503,0.186361012,5,0,1,1,0,2,0,0,1,TNLBTX1,Memphis,TN,Shelby County
Methodist University Hospital (TNMH),35.13651995,-90.02005994,202,0.038671123,0.054763277,0.171534869,0.186361012,863,33,58,68,106,197,155,164,82,TNMHTX1,Memphis,TN,Shelby County
Centennial Medical Center (TNPV),36.15335,-86.80976,1,0.072913894,0.054763277,0.075498108,0.186361012,97,5,4,6,17,27,0,25,13,TNPVTX1,Nashville,TN,Davidson County
Saint Thomas Hospital (TNST),40.76944239,-111.8385116,524,0.039393928,0.054763277,0.236012829,0.186361012,167,10,6,9,39,39,46,17,1,TNSTTX1,Salt Lake City,UT,Salt Lake County
University of Tennessee Medical Center at Knoxville (TNUK),35.93990805,-83.94282107,112,0.034810579,0.054763277,0.234224465,0.186361012,296,1,15,17,48,74,76,51,14,TNUKTX1,Knoxville,TN,Knox County
Vanderbilt University Medical Center (TNVU),36.14092375,-86.8016343,1006,0.053231025,0.054763277,0.205542146,0.186361012,1006,38,74,96,137,210,198,166,87,TNVUTX1,Nashville,TN,Davidson County
Nashville Veterans Administration Hospital (TNVU),36.16784,-86.77816,472,0.027727169,0.054763277,0.112099644,0.186361012,183,3,13,23,20,30,31,40,23,TNVUVA1,Nashville,TN,Davidson County
Baylor  Scott and White All Saints Medical Center-Fort Worth (TXAS),28.671489,-99.1749825,584,0.053040597,0.054763277,0.084252724,0.186361012,757,39,42,57,92,143,124,156,104,TXASTX1,Dilley,TX,Frio County
"University Hospital, University of Texas Health Science Center (TXBC)",29.5078264,-98.57809432,4,0.068788654,0.054763277,0.182089622,0.186361012,567,24,53,44,84,150,85,81,46,TXBCTX1,San Antonio,TX,Bexar County
Cook Children's Medical Center (TXCF),32.7365621,-97.34108604,148,0,0.054763277,1.929536979,0.186361012,9,2,1,4,0,2,0,0,0,TXCFTX1,Fort Worth,TX,Tarrant County
Children's Medical Center of Dallas (TXCM),39.0844038,-94.57750828,22,0.04507219,0.054763277,0.428805031,0.186361012,26,0,2,1,12,6,2,2,1,TXCMTX1,Kansas City,MO,Jackson County
Driscoll Children's Hospital (TXDC),27.7487325,-97.38647521,482,0.037164225,0.054763277,0.662284678,0.186361012,4,0,1,0,1,1,0,1,0,TXDCTX1,Corpus Christi,TX,Nueces County
North Austin Medical Center (TXDM),30.41175,-97.70667,162,0.065403268,0.054763277,0.083552394,0.186361012,274,6,6,11,15,23,22,50,141,TXDMTX1,Austin,TX,Travis County
Doctor's Hospital at Renaissance (TXDR),26.25273355,-98.20292528,309,0,0.054763277,0.165062364,0.186361012,130,7,14,23,39,47,0,0,0,TXDRTX1,McAllen,TX,Hidalgo County
Texas Health Harris Methodist Fort Worth Hospital (TXFW),32.93229599,-97.3098637,4886,0.024566733,0.054763277,0.59304199,0.186361012,90,11,12,10,21,26,8,2,0,TXFWTX1,Fort Worth,TX,Tarrant County
Medical City Dallas Hospital (TXHD),32.91211415,-96.77382822,864,0.042616495,0.054763277,0.335954746,0.186361012,245,22,29,43,51,39,30,20,11,TXHDTX1,Dallas,TX,Dallas County
"Memorial Hermann Hospital, University of Texas at Houston (TXHH)",30.174836,-95.4540685,6,0.056197495,0.054763277,0.150858848,0.186361012,352,14,25,25,56,69,38,88,37,TXHHTX1,Spring,TX,Montgomery County
CHI St. Luke's Health Baylor College of Medicine Medical Center (TXHI),31.5497,-97.1143,1168,0.057555369,0.054763277,0.131131655,0.186361012,864,25,38,58,92,203,131,205,112,TXHITX1,Waco,TX,McLennan County
Methodist Specialty and Transplant Hospital (TXHS),29.5142308,-98.57634466,458,0.069350187,0.054763277,0.147576134,0.186361012,1553,48,140,176,179,271,277,278,184,TXHSTX1,San Antonio,TX,Bexar County
University of Texas Medical Branch at Galveston (TXJS),29.31251645,-94.77630865,0,0.050609866,0.054763277,0.220966465,0.186361012,425,19,35,50,57,129,62,53,20,TXJSTX1,Galveston,TX,Galveston County
Las Palmas Medical Center (TXLP),31.7699876,-106.4983423,12,0.028797256,0.054763277,0.281920736,0.186361012,166,7,21,15,21,37,25,29,11,TXLPTX1,El Paso,TX,El Paso County
Methodist Dallas Medical Center (TXMC),32.76125335,-96.82504596,967,0.032520506,0.054763277,0.232758516,0.186361012,394,17,36,57,56,101,77,36,14,TXMCTX1,Dallas,TX,Dallas County
Houston Methodist Hospital (TXMH),29.7108167,-95.39926398,165,0.072292404,0.054763277,0.161307721,0.186361012,1521,49,62,130,195,264,157,342,322,TXMHTX1,Houston,TX,Harris County
Medical City Fort Worth (TXPL),32.73570585,-97.34514635,330,0.021315771,0.054763277,1.246806551,0.186361012,116,22,24,21,18,25,4,2,0,TXPLTX1,Fort Worth,TX,Tarrant County
Parkland Health and Hospital System (TXPM),32.8131807,-96.83538145,4,0.021707845,0.054763277,0.07004027,0.186361012,155,0,2,11,15,23,27,35,42,TXPMTX1,Dallas,TX,Dallas County
Christus Santa Rosa Hospital Medical Center (TXRM),29.51237735,-98.58916043,36,0.038061991,0.054763277,0.129709862,0.186361012,1,0,0,0,0,0,0,0,1,TXRMTX1,San Antonio,TX,Bexar County
UT Southwestern Medical Center/ (TXSP),32.81287,-96.8388,236,0.040469144,0.054763277,0.131495412,0.186361012,478,26,48,49,61,111,81,86,16,TXSPTX1,Dallas,TX,Dallas County
Scott and White Memorial Hospital (TXSW),28.671489,-99.1749825,1118,0.036487782,0.054763277,0.746932515,0.186361012,148,11,15,27,35,32,12,15,1,TXSWTX1,Dilley,TX,Frio County
Texas Children's Hospital (TXTC),29.7077811,-95.4008326,0,0.038628312,0.054763277,0.620794051,0.186361012,53,2,5,9,10,6,4,10,7,TXTCTX1,Houston,TX,Harris County
Baylor University Medical Center (TXTX),32.7899432,-96.77792353,153,0.05211583,0.054763277,0.156321551,0.186361012,868,38,44,71,103,179,145,185,103,TXTXTX1,Dallas,TX,Dallas County
East Texas Medical Center (TXTY),32.332254,-96.11642849,0,0.066594905,0.054763277,0.147422264,0.186361012,130,0,0,0,5,33,23,40,29,TXTYTX1,Pauline,TX,Henderson County
Michael E. DeBakey VA Medical Center (TXVA),29.70187215,-95.38885497,306,0.045557001,0.054763277,0.075526349,0.186361012,312,7,24,35,52,69,72,53,0,TXVATX1,Houston,TX,Harris County
Intermountain Medical Center (UTLD),40.65933435,-111.8918793,0,0.037293465,0.054763277,0.439784833,0.186361012,238,12,28,44,52,45,25,19,13,UTLDTX1,Salt Lake City,UT,Salt Lake County
University of Utah Medical Center (UTMC),40.76811,-111.83477,535,0.059113317,0.054763277,0.421286179,0.186361012,270,10,21,37,55,56,51,28,12,UTMCTX1,Salt Lake City,UT,Salt Lake County
Primary Children's Hospital (UTPC),40.77128445,-111.8390649,241,0,0.054763277,2.082679971,0.186361012,6,0,1,2,1,1,1,0,0,UTPCTX1,Salt Lake City,UT,Salt Lake County
Children's Hospital of the King's Daughters (VACH),43.0422889,-88.023473,173,0,0.054763277,0.931232295,0.186361012,5,0,0,1,1,1,2,0,0,VACHTX1,Milwaukee,WI,Milwaukee County
Inova Fairfax Hospital (VAFH),38.8574108,-77.22849481,950,0.065147274,0.054763277,0.169973621,0.186361012,480,20,23,45,56,71,51,91,123,VAFHTX1,Annandale,VA,Fairfax County
Henrico Doctors' Hospital (VAHD),37.60350855,-77.54147217,630,0.073547527,0.054763277,0.165721416,0.186361012,151,7,10,14,24,25,23,18,30,VAHDTX1,Tuckahoe,VA,Henrico County
Medical College of Virginia Hospitals (VAMC),39.81015825,-89.65455093,299,0.061947486,0.054763277,0.338093561,0.186361012,399,34,36,66,65,72,58,45,23,VAMCTX1,Springfield,IL,Sangamon County
Sentara Norfolk General Hospital (VANG),36.8616399,-76.3043041,988,0.053408706,0.054763277,0.130315435,0.186361012,524,12,14,23,60,117,90,102,106,VANGTX1,Norfolk,VA,Norfolk city
University of Virginia Health Sciences Center (VAUV),38.033554,-78.50798,379,0.053758569,0.054763277,0.22822248,0.186361012,556,29,33,61,105,112,62,93,61,VAUVTX1,Charlottesville,VA,Albemarle County
The University of Vermont Medical Center (VTMC),44.4796284,-73.194753,567,0.013783019,0.054763277,0.346350294,0.186361012,66,6,5,5,12,16,7,10,5,VTMCTX1,Burlington,VT,Chittenden County
Seattle Children's Hospital (WACH),47.66311535,-122.282532,920,0,0.054763277,0.423170043,0.186361012,59,3,3,5,11,21,9,6,1,WACHTX1,Seattle,WA,King County
Providence Sacred Heart Medical Center & Children's Hospital (WASH),45.5282065,-122.613422,450,0.054029317,0.054763277,0.145497428,0.186361012,217,4,6,6,35,40,33,56,37,WASHTX1,Portland,OR,Multnomah County
Swedish Medical Center (WASM),47.878748,-122.2347803,305,0.037586481,0.054763277,0.184129617,0.186361012,450,14,34,25,61,92,95,100,29,WASMTX1,Everett,WA,Snohomish County
Virginia Mason Medical Center (WAVM),47.3374215,-123.0626835,167,0.068531417,0.054763277,0.245996802,0.186361012,306,8,11,24,46,90,30,63,34,WAVMTX1,Union,WA,Mason County
Children's Hospital of Wisconsin (WICH),32.8094605,-96.8379134,43,0,0.054763277,1.040370289,0.186361012,8,2,2,1,1,1,0,1,0,WICHTX1,Dallas,TX,Dallas County
Froedtert Memorial Lutheran Hospital (WISE),43.20833,-89.60068,936,0.058225024,0.054763277,0.139868806,0.186361012,603,15,37,32,68,122,77,150,102,WISETX1,Dane,WI,Dane County
Aurora St. Luke's Medical Center (WISL),42.9899857,-87.95043042,53,0.057875621,0.054763277,0.13609174,0.186361012,203,7,9,27,33,48,26,22,31,WISLTX1,Milwaukee,WI,Milwaukee County
University of Wisconsin Hospital and Clinics (WIUW),43.0767,-89.4302,321,0.051166901,0.054763277,0.303050218,0.186361012,936,36,56,71,148,195,142,172,116,WIUWTX1,Madison,WI,Dane County
Charleston Area Medical Center (WVCA),40.39230195,-80.52838657,746,0.047734568,0.054763277,0.206633194,0.186361012,127,12,11,10,20,30,14,19,11,WVCATX1,Weirton,WV,Brooke County
